Year-Quarter,Day,Date,City,State,"City, ST",Country,Commodity,Value,Type of Loss,Location,Additional Information,Recovery?,Time,General Category
2020-Q1,Wednesday,1/1/20,Garland,TX,"Garland, TX",USA,Motor oil,100000,Cargo theft,Secure yard,No additional details,,Overnight,Automobile & Parts
2020-Q1,Wednesday,1/1/20,Memphis,TN,"Memphis, TN",USA,Gas cylinders,10000,Pilferage,Truck stop/Gas station,No additional details,,Overnight,Construction & Industrial goods
2020-Q1,Wednesday,1/1/20,Ocala,FL,"Ocala, FL",USA,Televisions,137000,Cargo theft,Secure yard,No additional details,,Overnight,Consumer electronics
2020-Q1,Wednesday,1/1/20,South Holland,IL,"South Holland, IL",USA,Cell phones,100000,Cargo theft,Truck stop/Gas station,East Tollway,,,Consumer electronics
2020-Q1,Friday,1/3/20,Zion,IL,"Zion, IL",USA,Mixed goods,,Seal break,Truck stop/Gas station,Russel Rd,No loss,Overnight,Mixed cargo
2020-Q1,Saturday,1/4/20,Pearl,MS,"Pearl, MS",USA,Tool boxes,,Seal break,Truck stop/Gas station,Flying J on US 80,No loss,Overnight,Automobile & Parts
2020-Q1,Sunday,1/5/20,Mobile,AL,"Mobile, AL",USA,Shrimp,2500,Pilferage,Parking lot,No additional details,,Morning,Food & Drinks
2020-Q1,Monday,1/6/20,Whitehall Township,PA,"Whitehall Township, PA",USA,Mixed goods,,Seal break,Parking lot,No additional details,No loss,,Mixed cargo
2020-Q1,Monday,1/6/20,Atlanta,GA,"Atlanta, GA",USA,Cigarettes,7798,Pilferage,Parking lot,No additional details,,,Tobacco & Alcohol
2020-Q1,Tuesday,1/7/20,Homewood,IL,"Homewood, IL",USA,Batteries,7500,Pilferage,Unsecured location,No additional details,,Overnight,Automobile & Parts
2020-Q1,Tuesday,1/7/20,Romeoville,IL,"Romeoville, IL",USA,Energy drinks,1000,Pilferage,Unsecured location,No additional details,,,Food & Drinks
2020-Q1,Tuesday,1/7/20,Fontana,CA,"Fontana, CA",USA,Mixed goods,,Seal break,Carrier yard/parking,No additional details,No loss,,Mixed cargo
2020-Q1,Tuesday,1/7/20,Houston,TX,"Houston, TX",USA,Mixed goods,,Seal break,Drop lot,No additional details,No loss,,Mixed cargo
2020-Q1,Tuesday,1/7/20,Orlando,FL,"Orlando, FL",USA,Mixed goods,,Seal break,Drop lot,No additional details,No loss,Evening,Mixed cargo
2020-Q1,Wednesday,1/8/20,Forest Park,GA,"Forest Park, GA",USA,Excavator,40000,Cargo theft,Unsecured location,No additional details,,Overnight,Construction & Industrial goods
2020-Q1,Wednesday,1/8/20,Miami,FL,"Miami, FL",USA,Chocolate,70000,Cargo theft,Roadside,No additional details,,Early AM,Food & Drinks
2020-Q1,Wednesday,1/8/20,Jackson,TN,"Jackson, TN",USA,Mixed goods,,Seal break,Parking lot,No additional details,No loss,,Mixed cargo
2020-Q1,Thursday,1/9/20,Beaverdam,OH,"Beaverdam, OH",USA,Beauty products,2500,Pilferage,Truck stop/Gas station,No additional details,,Overnight,Beauty & Personal Care
2020-Q1,Thursday,1/9/20,Las Vegas,NV,"Las Vegas, NV",USA,Plastics,7000,Cargo theft,Roadside,No additional details,,,"Cleaning, Plastic, & Paper"
2020-Q1,Thursday,1/9/20,Brampton,ON,"Brampton, ON",CAN,Computers/Laptops,261920,Cargo theft,Unsecured location,No additional details,,,Consumer electronics
2020-Q1,Thursday,1/9/20,Cartersville,GA,"Cartersville, GA",USA,Mixed goods,,Seal break,Truck stop/Gas station,Cassville White,No loss,Early AM,Mixed cargo
2020-Q1,Thursday,1/9/20,Jackson,MS,"Jackson, MS",USA,Mixed goods,,Seal break,Truck stop/Gas station,S Gallatin,No loss,,Mixed cargo
2020-Q1,Friday,1/10/20,Glen Burnie,MD,"Glen Burnie, MD",USA,Metal plates,6511,Pilferage,WH yard/parking,No additional details,,,Metals
2020-Q1,Friday,1/10/20,Wayne,MI,"Wayne, MI",USA,Tequila,12729,Pilferage,Roadside,No additional details,,Early AM,Tobacco & Alcohol
2020-Q1,Saturday,1/11/20,Midway,GA,"Midway, GA",USA,Lawn mowers,8000,Pilferage,Unsecured location,No additional details,,,"Animal, Farm, & Equipment"
2020-Q1,Saturday,1/11/20,W Sacramento,CA,"W Sacramento, CA",USA,Batteries,80000,Pilferage,WH yard/parking,No additional details,,,Automobile & Parts
2020-Q1,Sunday,1/12/20,Hutchins,TX,"Hutchins, TX",USA,Apparel,150000,Cargo theft,Parking lot,No additional details,,Overnight,Apparel
2020-Q1,Sunday,1/12/20,Wooddale,IL,"Wooddale, IL",USA,Lighting,78541,Cargo theft,Parking lot,No additional details,,Early AM,Construction & Industrial goods
2020-Q1,Sunday,1/12/20,Elk Grove Village,IL,"Elk Grove Village, IL",USA,Food products,40000,Cargo theft,Origin/DC,No additional details,,Early AM,Food & Drinks
2020-Q1,Sunday,1/12/20,Monee,IL,"Monee, IL",USA,Candy,140229,Pilferage,Truck stop/Gas station,W Monee Manhattan Rd,,,Food & Drinks
2020-Q1,Sunday,1/12/20,College Park,MD,"College Park, MD",USA,Alcoholic beverages,70000,Cargo theft,Secure yard,No additional details,,Early AM,Tobacco & Alcohol
2020-Q1,Monday,1/13/20,Delano,CA,"Delano, CA",USA,Hay,7500,Cargo theft,Unsecured location,No additional details,,Overnight,"Animal, Farm, & Equipment"
2020-Q1,Monday,1/13/20,Bellmawr,NJ,"Bellmawr, NJ",USA,Mixed goods,30000,Cargo theft,Secure yard,No additional details,Partial,Early AM,Mixed cargo
2020-Q1,Monday,1/13/20,Philadelphia,PA,"Philadelphia, PA",USA,Wine,2500,Pilferage,Roadside,No additional details,,Overnight,Tobacco & Alcohol
2020-Q1,Monday,1/13/20,Villa Rica,GA,"Villa Rica, GA",USA,Beer,5000,Pilferage,Truck stop/Gas station,Liberty Rd,,Overnight,Tobacco & Alcohol
2020-Q1,Wednesday,1/15/20,Ocoee,FL,"Ocoee, FL",USA,Automobiles,175000,Cargo theft,Parking lot,No additional details,,Early AM,Automobile & Parts
2020-Q1,Wednesday,1/15/20,Newnan,GA,"Newnan, GA",USA,Mixed goods,,Seal break,Parking lot,No additional details,No loss,Afternoon,Mixed cargo
2020-Q1,Thursday,1/16/20,White Marsh,MD,"White Marsh, MD",USA,Diapers,5000,Pilferage,Roadside,No additional details,,Overnight,"Cleaning, Plastic, & Paper"
2020-Q1,Saturday,1/18/20,Brampton,ON,"Brampton, ON",CAN,Tires,140000,Cargo theft,Drop lot,No additional details,,Early AM,Automobile & Parts
2020-Q1,Saturday,1/18/20,Columbus,OH,"Columbus, OH",USA,Mixed goods,,Seal break,Drop lot,No additional details,No loss,Overnight,Mixed cargo
2020-Q1,Saturday,1/18/20,French Camp,CA,"French Camp, CA",USA,Mixed goods,,Seal break,Carrier yard/parking,No additional details,No loss,Overnight,Mixed cargo
2020-Q1,Sunday,1/19/20,Detroit,MI,"Detroit, MI",USA,Mixed goods,,Seal break,Receivers,No additional details,No loss,,Mixed cargo
2020-Q1,Sunday,1/19/20,Stockton,CA,"Stockton, CA",USA,Mixed goods,,Seal break,Drop lot,No additional details,No loss,,Mixed cargo
2020-Q1,Sunday,1/19/20,Shreveport,LA,"Shreveport, LA",USA,Beer,2000,Pilferage,Parking lot,No additional details,,,Tobacco & Alcohol
2020-Q1,Monday,1/20/20,Lauderdale Lakes,FL,"Lauderdale Lakes, FL",USA,Apparel,30000,Cargo theft,Parking lot,No additional details,,Overnight,Apparel
2020-Q1,Monday,1/20/20,Pearl,MS,"Pearl, MS",USA,Tiles,,Seal break,Truck stop/Gas station,US 80,No loss,Overnight,Construction & Industrial goods
2020-Q1,Monday,1/20/20,Richmond,IN,"Richmond, IN",USA,Mixed goods,,Seal break,Truck stop/Gas station,US 35,No loss,Overnight,Mixed cargo
2020-Q1,Wednesday,1/22/20,Macon,GA,"Macon, GA",USA,Paper,1000,Pilferage,Unsecured location,No additional details,,Overnight,"Cleaning, Plastic, & Paper"
2020-Q1,Wednesday,1/22/20,North Las Vegas,NV,"North Las Vegas, NV",USA,Plastics,3000,Cargo theft,Parking lot,No additional details,,Early AM,"Cleaning, Plastic, & Paper"
2020-Q1,Wednesday,1/22/20,Elizabethtown,KY,"Elizabethtown, KY",USA,Mixed goods,,Seal break,Truck stop/Gas station,Glendale Hodgenville Rd,No loss,,Mixed cargo
2020-Q1,Wednesday,1/22/20,Tampa,FL,"Tampa, FL",USA,Cigarettes,12000,Pilferage,Parking lot,No additional details,,,Tobacco & Alcohol
2020-Q1,Thursday,1/23/20,Compton,CA,"Compton, CA",USA,Computers/Laptops,165000,Cargo theft,Warehouse,No additional details,,,Consumer electronics
2020-Q1,Thursday,1/23/20,Feura Bush,NY,"Feura Bush, NY",USA,Mixed goods,,Seal break,Drop lot,No additional details,No loss,,Mixed cargo
2020-Q1,Friday,1/24/20,Davie,FL,"Davie, FL",USA,Apparel,215000,Cargo theft,Secure yard,No additional details,,Overnight,Apparel
2020-Q1,Friday,1/24/20,Dallas,TX,"Dallas, TX",USA,Roofing materials,57372,Cargo theft,Secure yard,No additional details,,Overnight,Construction & Industrial goods
2020-Q1,Saturday,1/25/20,San Antonio,FL,"San Antonio, FL",USA,Meat,165000,Cargo theft,Roadside,No additional details,,Overnight,Food & Drinks
2020-Q1,Saturday,1/25/20,Augusta,GA,"Augusta, GA",USA,Mixed goods,,Seal break,Parking lot,No additional details,No loss,,Mixed cargo
2020-Q1,Saturday,1/25/20,Reddick,FL,"Reddick, FL",USA,Mixed goods,,Seal break,Truck stop/Gas station,Contry Hwy 318,No loss,,Mixed cargo
2020-Q1,Sunday,1/26/20,Morris,IL,"Morris, IL",USA,Cereal,,Seal break,Truck stop/Gas station,Romines Dr,No loss,Overnight,Food & Drinks
2020-Q1,Sunday,1/26/20,Morris,IL,"Morris, IL",USA,Bathtubs,,Seal break,Truck stop/Gas station,Romines Dr,No loss,Overnight,Household & Appliances
2020-Q1,Sunday,1/26/20,Ellenwood,GA,"Ellenwood, GA",USA,Mixed goods,,Seal break,Carrier yard/parking,No additional details,No loss,,Mixed cargo
2020-Q1,Monday,1/27/20,Medley,FL,"Medley, FL",USA,Beef,123900,Cargo theft,Roadside,No additional details,,Evening,Food & Drinks
2020-Q1,Monday,1/27/20,Ocala,FL,"Ocala, FL",USA,Mixed goods,,Seal break,Truck stop/Gas station,NW 47th St,No loss,,Mixed cargo
2020-Q1,Wednesday,1/29/20,Max Meadows,VA,"Max Meadows, VA",USA,Mixed goods,,Seal break,Truck stop/Gas station,Major Graham Rd,No loss,,Mixed cargo
2020-Q1,Wednesday,1/29/20,Alexandria,LA,"Alexandria, LA",USA,Pharma,10000,Pilferage,Parking lot,No additional details,,Morning,Pharma & Medical supplies
2020-Q1,Thursday,1/30/20,Fontana,CA,"Fontana, CA",USA,Consumer electronics,529518,Cargo theft,Origin/DC,Fictitious pickup,,Afternoon,Consumer electronics
2020-Q1,Wednesday,1/31/20,Fontana,CA,"Fontana, CA",USA,Diapers,81803,Cargo theft,Secure yard,No additional details,,Evening,"Cleaning, Plastic, & Paper"
2020-Q1,Wednesday,1/31/20,San Bernardino,CA,"San Bernardino, CA",USA,Washers,66827,Cargo theft,Origin/DC,Fictitious pickup,,,Household & Appliances
2020-Q1,Friday,1/31/20,Lexington,NC,"Lexington, NC",USA,Mixed goods,,Seal break,Carrier yard/parking,No additional details,No loss,Early AM,Mixed cargo
2020-Q1,Saturday,2/1/20,Prattville,AL,"Prattville, AL",USA,Lawn mowers,73000,Cargo theft,Parking lot,No additional details,,Early AM,"Animal, Farm, & Equipment"
2020-Q1,Saturday,2/1/20,Grantvile,PA,"Grantvile, PA",USA,Canola oil,50000,Cargo theft,Carrier yard/parking,No additional details,,Overnight,Food & Drinks
2020-Q1,Saturday,2/1/20,Bolingbrook,IL,"Bolingbrook, IL",USA,Mixed goods,,Seal break,Truck stop/Gas station,I-55,No loss,,Mixed cargo
2020-Q1,Sunday,2/2/20,Kansas City,MO,"Kansas City, MO",USA,Safety shoes,75000,Cargo theft,Drop lot,No additional details,,,Apparel
2020-Q1,Sunday,2/2/20,Addison,IL,"Addison, IL",USA,Forklifts,19000,Cargo theft,Carrier yard/parking,No additional details,,,Construction & Industrial goods
2020-Q1,Sunday,2/2/20,Dallas,TX,"Dallas, TX",USA,Steel rebar,15000,Cargo theft,Unsecured location,No additional details,Recovered,,Metals
2020-Q1,Sunday,2/2/20,Baxter,TN,"Baxter, TN",USA,Mixed goods,,Seal break,Truck stop/Gas station,Fast Lane,No loss,,Mixed cargo
2020-Q1,Sunday,2/2/20,Corbin,KY,"Corbin, KY",USA,Mixed goods,,Seal break,Truck stop/Gas station,KY 770,No loss,Morning,Mixed cargo
2020-Q1,Monday,2/3/20,Marianna,FL,"Marianna, FL",USA,Mixed goods,500,Pilferage,Origin/DC,No additional details,,,Mixed cargo
2020-Q1,Wednesday,2/5/20,Avenel,NJ,"Avenel, NJ",USA,Soft drinks,12370,Cargo theft,Roadside,No additional details,,Early AM,Food & Drinks
2020-Q1,Wednesday,2/5/20,Louisville,KY,"Louisville, KY",USA,Mixed goods,,Seal break,Parking lot,No additional details,No loss,Early AM,Mixed cargo
2020-Q1,Thursday,2/6/20,Austell,GA,"Austell, GA",USA,Apparel,2500,Pilferage,Roadside,No additional details,,,Apparel
2020-Q1,Friday,2/7/20,Jackson,MS,"Jackson, MS",USA,Mixed goods,,Seal break,Truck stop/Gas station,I-20 Frontage Rd,No loss,Overnight,Mixed cargo
2020-Q1,Saturday,2/8/20,Dacula,GA,"Dacula, GA",USA,Wood chippers,25000,Cargo theft,Carrier yard/parking,No additional details,,,"Animal, Farm, & Equipment"
2020-Q1,Saturday,2/8/20,Jurupa Valley,CA,"Jurupa Valley, CA",USA,Shavers,100000,Cargo theft,Parking lot,No additional details,,,Beauty & Personal Care
2020-Q1,Saturday,2/8/20,Jacksonville,FL,"Jacksonville, FL",USA,Food products,30000,Cargo theft,Secure yard,No additional details,,Overnight,Food & Drinks
2020-Q1,Saturday,2/8/20,Jasper,TN,"Jasper, TN",USA,Mixed goods,,Seal break,Truck stop/Gas station,TVA Rd,No loss,,Mixed cargo
2020-Q1,Saturday,2/8/20,Moreno Valley,CA,"Moreno Valley, CA",USA,OTC Meds,131556,Cargo theft,Roadside,No additional details,,Overnight,Pharma & Medical supplies
2020-Q1,Sunday,2/9/20,Memphis,TN,"Memphis, TN",USA,Batteries,10000,Pilferage,Roadside,No additional details,,Overnight,Automobile & Parts
2020-Q1,Sunday,2/9/20,Temple,GA,"Temple, GA",USA,Tires,300,Pilferage,Truck stop/Gas station,Carrollton St,,Early AM,Automobile & Parts
2020-Q1,Sunday,2/9/20,Loudon,TN,"Loudon, TN",USA,Mixed goods,,Seal break,Carrier yard/parking,No additional details,No loss,,Mixed cargo
2020-Q1,Monday,2/10/20,Irving,TX,"Irving, TX",USA,Mixed goods,,Seal break,Carrier yard/parking,No additional details,No loss,,Mixed cargo
2020-Q1,Monday,2/10/20,Oklahoma City,OK,"Oklahoma City, OK",USA,Mixed goods,,Seal break,Carrier yard/parking,No additional details,No loss,,Mixed cargo
2020-Q1,Tuesday,2/11/20,Ft Worth,TX,"Ft Worth, TX",USA,Forklifts,92941,Cargo theft,Origin/DC,Fictitious pickup,,,Construction & Industrial goods
2020-Q1,Tuesday,2/11/20,Mesquite,TX,"Mesquite, TX",USA,Soft drinks,4495,Cargo theft,Origin/DC,Fictitious pickup,,,Food & Drinks
2020-Q1,Tuesday,2/11/20,Miami,FL,"Miami, FL",USA,Appliances,30000,Cargo theft,WH yard/parking,No additional details,,,Household & Appliances
2020-Q1,Tuesday,2/11/20,Fort Wayne,IN,"Fort Wayne, IN",USA,Copper,240000,Cargo theft,Unspecified,Driver theft,Recovered,,Metals
2020-Q1,Wednesday,2/12/20,Schiller Park,IL,"Schiller Park, IL",USA,Apparel,85728,Pilferage,Rest area,No additional details,,,Apparel
2020-Q1,Wednesday,2/12/20,Jackson,MS,"Jackson, MS",USA,Tissues,100,Pilferage,Truck stop/Gas station,I-20 Frontage Rd,,Overnight,"Cleaning, Plastic, & Paper"
2020-Q1,Wednesday,2/12/20,Memphis,TN,"Memphis, TN",USA,Mixed goods,,Seal break,Carrier yard/parking,No additional details,No loss,Overnight,Mixed cargo
2020-Q1,Thursday,2/13/20,Columbus,OH,"Columbus, OH",USA,Cigarettes,3908,Pilferage,Truck stop/Gas station,Refugee Rd,,,Tobacco & Alcohol
2020-Q1,Friday,2/14/20,Chicago,IL,"Chicago, IL",USA,Electronics,5000,Pilferage,Rail yard,No additional details,,,Consumer electronics
2020-Q1,Friday,2/14/20,Davie,FL,"Davie, FL",USA,Mixed goods,50050,Cargo theft,Carrier yard/parking,No additional details,Recovered,Early AM,Mixed cargo
2020-Q1,Saturday,2/15/20,Toledo,OH,"Toledo, OH",USA,Cereal,50000,Cargo theft,WH yard/parking,No additional details,,Evening,Food & Drinks
2020-Q1,Sunday,2/16/20,Moreno Valley,CA,"Moreno Valley, CA",USA,Paper,,Seal break,Roadside,No additional details,No loss,Early AM,"Cleaning, Plastic, & Paper"
2020-Q1,Sunday,2/16/20,San Antonio,TX,"San Antonio, TX",USA,Televisions,3000,Cargo theft,Warehouse,No additional details,,Morning,Consumer electronics
2020-Q1,Sunday,2/16/20,Miami,FL,"Miami, FL",USA,Liquor,100000,Cargo theft,Roadside,No additional details,Recovered,,Tobacco & Alcohol
2020-Q1,Monday,2/17/20,Dallas,TX,"Dallas, TX",USA,Paper towels,1000,Pilferage,Parking lot,No additional details,,Early AM,"Cleaning, Plastic, & Paper"
2020-Q1,Monday,2/17/20,San Diego,CA,"San Diego, CA",USA,Televisions,67200,Cargo theft,Origin/DC,Fictitious pickup,,Morning,Consumer electronics
2020-Q1,Monday,2/17/20,Memphis,TN,"Memphis, TN",USA,Sausages,7000,Pilferage,WH yard/parking,No additional details,,,Food & Drinks
2020-Q1,Tuesday,2/18/20,Doral,FL,"Doral, FL",USA,Perfume,427000,Cargo theft,Parking lot,No additional details,,Morning,Beauty & Personal Care
2020-Q1,Tuesday,2/18/20,Higginsville,MO,"Higginsville, MO",USA,Dish soap,1000,Pilferage,Truck stop/Gas station,MO 13,,Morning,"Cleaning, Plastic, & Paper"
2020-Q1,Tuesday,2/18/20,White Marsh,MD,"White Marsh, MD",USA,Mixed goods,,Seal break,Drop lot,9 containers broken into,No loss,Early AM,Mixed cargo
2020-Q1,Wednesday,2/19/20,Los Angeles,CA,"Los Angeles, CA",USA,Mixed goods,35000,Cargo theft,Roadside,No additional details,,,Mixed cargo
2020-Q1,Thursday,2/20/20,Austell,GA,"Austell, GA",USA,Auto parts,2000,Pilferage,Carrier yard/parking,No additional details,,Overnight,Automobile & Parts
2020-Q1,Thursday,2/20/20,French Camp,CA,"French Camp, CA",USA,Tiles,500,Pilferage,WH yard/parking,No additional details,,Afternoon,Construction & Industrial goods
2020-Q1,Thursday,2/20/20,Indianapolis,IN,"Indianapolis, IN",USA,Mixed goods,,Seal break,Secure yard,No additional details,No loss,,Mixed cargo
2020-Q1,Thursday,2/20/20,Lordsburg,NM,"Lordsburg, NM",USA,Mixed goods,,Seal break,Truck stop/Gas station,W Motel Dr,No loss,,Mixed cargo
2020-Q1,Friday,2/21/20,Riverside,CA,"Riverside, CA",USA,Televisions,70000,Cargo theft,Origin/DC,Fictitious pickup,,,Consumer electronics
2020-Q1,Friday,2/21/20,Hialeah,FL,"Hialeah, FL",USA,Tuna,155566,Cargo theft,Origin/DC,Fictitious pickup,,,Food & Drinks
2020-Q1,Friday,2/21/20,Lost Hills,CA,"Lost Hills, CA",USA,Pistachios,80000,Cargo theft,Origin/DC,Fictitious pickup,,Evening,Food & Drinks
2020-Q1,Friday,2/21/20,Conley,GA,"Conley, GA",USA,Wine,87000,Pilferage,Truck stop/Gas station,No additional details,,Overnight,Tobacco & Alcohol
2020-Q1,Saturday,2/22/20,Dallas,TX,"Dallas, TX",USA,Mixed goods,,Seal break,Truck stop/Gas station,S Polk St,No loss,,Mixed cargo
2020-Q1,Saturday,2/22/20,Winslow,AZ,"Winslow, AZ",USA,Mixed goods,,Seal break,Truck stop/Gas station,Transcon Ln,No loss,,Mixed cargo
2020-Q1,Sunday,2/23/20,Sanford,FL,"Sanford, FL",USA,Dish towels,40000,Cargo theft,Roadside,No additional details,,,"Cleaning, Plastic, & Paper"
2020-Q1,Sunday,2/23/20,Allentown,PA,"Allentown, PA",USA,Cooking oil,40000,Cargo theft,WH yard/parking,No additional details,,,Food & Drinks
2020-Q1,Sunday,2/23/20,Richmond,BC,"Richmond, BC",CAN,Pressure cookers,139000,Cargo theft,Parking lot,No additional details,,,Household & Appliances
2020-Q1,Sunday,2/23/20,Commerce,CA,"Commerce, CA",USA,Mixed goods,50000,Cargo theft,Drop lot,No additional details,,,Mixed cargo
2020-Q1,Sunday,2/23/20,Balch Springs,TX,"Balch Springs, TX",USA,Cigarettes,623924,Cargo theft,Parking lot,No additional details,,,Tobacco & Alcohol
2020-Q1,Monday,2/24/20,Dunn,NC,"Dunn, NC",USA,Contruction equipment,140442,Cargo theft,Truck stop/Gas station,Sadler Rd,,Overnight,Construction & Industrial goods
2020-Q1,Tuesday,2/25/20,Naperville,IL,"Naperville, IL",USA,French fries,526,Pilferage,Parking lot,No additional details,,Early AM,Food & Drinks
2020-Q1,Tuesday,2/25/20,Memphis,TN,"Memphis, TN",USA,Mixed goods,,Seal break,Truck stop/Gas station,E. Shelby Dr,No loss,Overnight,Mixed cargo
2020-Q1,Wednesday,2/26/20,Jacksonville,FL,"Jacksonville, FL",USA,Mixers,1000,Pilferage,Rail yard,No additional details,,Overnight,Construction & Industrial goods
2020-Q1,Wednesday,2/26/20,Montebello,CA,"Montebello, CA",USA,Mixed goods,408000,Cargo theft,Drop lot,No additional details,,Evening,Mixed cargo
2020-Q1,Friday,2/28/20,Schiller Park,IL,"Schiller Park, IL",USA,Raw materials,,Seal break,Truck stop/Gas station,I-294 Service Rd,No loss,Overnight,Construction & Industrial goods
2020-Q1,Friday,2/28/20,Chicago,IL,"Chicago, IL",USA,Chewing gum,50000,Cargo theft,Rail yard,No additional details,,Afternoon,Food & Drinks
2020-Q1,Saturday,2/29/20,City of Industry,CA,"City of Industry, CA",USA,Televisions,75000,Cargo theft,Carrier yard/parking,No additional details,Recovered,,Consumer electronics
2020-Q1,Saturday,2/29/20,North Las Vegas,NV,"North Las Vegas, NV",USA,Mixed goods,,Seal break,Parking lot,No additional details,No loss,Overnight,Mixed cargo
2020-Q1,Saturday,2/29/20,Vero Beach,FL,"Vero Beach, FL",USA,Tobacco,100000,Cargo theft,Truck stop/Gas station,20th St,,,Tobacco & Alcohol
2020-Q1,Sunday,3/1/20,Oakland Park,FL,"Oakland Park, FL",USA,Auto parts,50000,Cargo theft,Parking lot,No additional details,,Overnight,Automobile & Parts
2020-Q1,Sunday,3/1/20,Nogales,AZ,"Nogales, AZ",USA,Plumbing supplies,30000,Cargo theft,Unspecified,Driver missing,,,Construction & Industrial goods
2020-Q1,Monday,3/2/20,Newark,NJ,"Newark, NJ",USA,Mixed goods,,Seal break,Drop lot,No additional details,No loss,,Mixed cargo
2020-Q1,Wednesday,3/4/20,Memphis,TN,"Memphis, TN",USA,Engine oil,2000,Pilferage,WH yard/parking,No additional details,,Overnight,Automobile & Parts
2020-Q1,Wednesday,3/4/20,Memphis,TN,"Memphis, TN",USA,Oil,1000,Pilferage,WH yard/parking,No additional details,,Overnight,Food & Drinks
2020-Q1,Wednesday,3/4/20,Dallas,TX,"Dallas, TX",USA,Appliances,38047,Cargo theft,WH yard/parking,No additional details,,Evening,Household & Appliances
2020-Q1,Wednesday,3/4/20,Morris,IL,"Morris, IL",USA,Chemicals,,Seal break,Truck stop/Gas station,Romines Dr,No loss,Overnight,Pharma & Medical supplies
2020-Q1,Thursday,3/5/20,Wilmington,IL,"Wilmington, IL",USA,Pizza dough,,Seal break,Truck stop/Gas station,No additional details,No loss,,Food & Drinks
2020-Q1,Friday,3/6/20,Memphis,TN,"Memphis, TN",USA,Medical equipment,1000,Pilferage,WH yard/parking,No additional details,,Early AM,Pharma & Medical supplies
2020-Q1,Saturday,3/7/20,Fontana,CA,"Fontana, CA",USA,Almonds,100000,Cargo theft,Parking lot,No additional details,,Overnight,Food & Drinks
2020-Q1,Sunday,3/8/20,Mississauga,ON,"Mississauga, ON",CAN,Berries,100000,Cargo theft,Roadside,No additional details,,Overnight,Food & Drinks
2020-Q1,Sunday,3/8/20,Montreal,QC,"Montreal, QC",CAN,Noodles,35000,Cargo theft,Roadside,No additional details,,,Food & Drinks
2020-Q1,Sunday,3/8/20,North Las Vegas,NV,"North Las Vegas, NV",USA,Food products,10000,Pilferage,Drop lot,6 trailers affected over a weekend,,,Food & Drinks
2020-Q1,Sunday,3/8/20,Columbia,SC,"Columbia, SC",USA,Mixed goods,,Seal break,Drop lot,No additional details,No loss,,Mixed cargo
2020-Q1,Sunday,3/8/20,Irving,TX,"Irving, TX",USA,Mixed goods,,Seal break,Carrier yard/parking,No additional details,No loss,,Mixed cargo
2020-Q1,Monday,3/9/20,Fresno,CA,"Fresno, CA",USA,Snack foods,40000,Cargo theft,Origin/DC,Fictitious pickup,,,Food & Drinks
2020-Q1,Tuesday,3/10/20,San Francisco,CA,"San Francisco, CA",USA,Computer hard drives,50000,Pilferage,Airline cargo terminal,No additional details,,,Consumer electronics
2020-Q1,Tuesday,3/10/20,Detroit,MI,"Detroit, MI",USA,Pharma,20000,Cargo theft,Parking lot,No additional details,Recovered,Morning,Pharma & Medical supplies
2020-Q1,Tuesday,3/10/20,Groton,NY,"Groton, NY",USA,Wine coolers,60000,Cargo theft,Origin/DC,Fictitious pickup,,,Tobacco & Alcohol
2020-Q1,Wednesday,3/11/20,Mississauga,ON,"Mississauga, ON",CAN,Vegetables,30000,Cargo theft,Unsecured location,No additional details,,,Food & Drinks
2020-Q1,Thursday,3/12/20,Tulsa,OK,"Tulsa, OK",USA,Mixed goods,,Seal break,Parking lot,No additional details,No loss,,Mixed cargo
2020-Q1,Friday,3/13/20,Castaic,CA,"Castaic, CA",USA,Tires,50000,Cargo theft,Parking lot,No additional details,,Overnight,Automobile & Parts
2020-Q1,Friday,3/13/20,Mira Loma,CA,"Mira Loma, CA",USA,Televisions,124800,Cargo theft,Truck stop/Gas station,Riverside Dr,,,Consumer electronics
2020-Q1,Friday,3/13/20,Leesport,PA,"Leesport, PA",USA,Chicken,60000,Cargo theft,Unspecified,Driver theft,,,Food & Drinks
2020-Q1,Saturday,3/14/20,Charleston,SC,"Charleston, SC",USA,Surgical gloves,100000,Cargo theft,Unsecured location,No additional details,,,Pharma & Medical supplies
2020-Q1,Sunday,3/15/20,North Las Vegas,NV,"North Las Vegas, NV",USA,Plastics,200,Pilferage,Drop lot,No additional details,,,"Cleaning, Plastic, & Paper"
2020-Q1,Sunday,3/15/20,North Las Vegas,NV,"North Las Vegas, NV",USA,Water,2000,Pilferage,Drop lot,No additional details,,Overnight,Food & Drinks
2020-Q1,Sunday,3/15/20,Charleston,SC,"Charleston, SC",USA,Surgical gloves,100000,Cargo theft,Carrier yard/parking,No additional details,,,Pharma & Medical supplies
2020-Q1,Monday,3/16/20,Okemah,OK,"Okemah, OK",USA,Helicopter blades,100000,Cargo theft,Truck stop/Gas station,No additional details,Recovered,,Automobile & Parts
2020-Q1,Monday,3/16/20,Chicago,IL,"Chicago, IL",USA,Air conditioners,1600,Pilferage,Rail yard,No additional details,,,Household & Appliances
2020-Q1,Tuesday,3/17/20,South Holland,IL,"South Holland, IL",USA,Inverters,15000,Pilferage,Rest area,Tri-State Tollway,,Early AM,Construction & Industrial goods
2020-Q1,Tuesday,3/17/20,Monroe Township,NJ,"Monroe Township, NJ",USA,Headphones,,Seal break,Unsecured location,No additional details,No loss,,Consumer electronics
2020-Q1,Tuesday,3/17/20,Columbia,SC,"Columbia, SC",USA,Household goods,1000,Pilferage,Parking lot,No additional details,,,Household & Appliances
2020-Q1,Tuesday,3/17/20,Columbia,SC,"Columbia, SC",USA,Household goods,3000,Pilferage,Parking lot,No additional details,,,Household & Appliances
2020-Q1,Wednesday,3/18/20,San Bernardino,CA,"San Bernardino, CA",USA,Electric toothbrushes,1400,Pilferage,WH yard/parking,No additional details,,Overnight,Beauty & Personal Care
2020-Q1,Thursday,3/19/20,Dallas,TX,"Dallas, TX",USA,Sports drinks,200,Pilferage,Roadside,No additional details,,Afternoon,Food & Drinks
2020-Q1,Thursday,3/19/20,Lost Hills,CA,"Lost Hills, CA",USA,Almonds,100000,Cargo theft,Origin/DC,Fictitious pickup,,Evening,Food & Drinks
2020-Q1,Friday,3/20/20,Mesquite,TX,"Mesquite, TX",USA,Garden supplies,,Seal break,Truck stop/Gas station,No additional details,No loss,,"Animal, Farm, & Equipment"
2020-Q1,Friday,3/20/20,Dallas,TX,"Dallas, TX",USA,Toilet paper,13500,Cargo theft,Unsecured location,No additional details,,Morning,"Cleaning, Plastic, & Paper"
2020-Q1,Friday,3/20/20,Memphis,TN,"Memphis, TN",USA,Diapers,20000,Cargo theft,Parking lot,No additional details,,Early AM,"Cleaning, Plastic, & Paper"
2020-Q1,Saturday,3/21/20,Birmingham,AL,"Birmingham, AL",USA,Charcoal,431,Pilferage,Roadside,No additional details,,,Merchandise
2020-Q1,Saturday,3/21/20,Tolleson,AZ,"Tolleson, AZ",USA,Mixed goods,,Cargo theft,Truck stop/Gas station,Roosevelt St,No loss,,Mixed cargo
2020-Q1,Sunday,3/22/20,Opelika,AL,"Opelika, AL",USA,Straw,7500,Cargo theft,Roadside,No additional details,,,"Animal, Farm, & Equipment"
2020-Q1,Sunday,3/22/20,Chicago,IL,"Chicago, IL",USA,Plastics,2500,Cargo theft,Carrier yard/parking,No additional details,,,"Cleaning, Plastic, & Paper"
2020-Q1,Sunday,3/22/20,Lake Charles,LA,"Lake Charles, LA",USA,Cameras,3000,Pilferage,Truck stop/Gas station,I-20,,,Consumer electronics
2020-Q1,Monday,3/23/20,Riverton,IL,"Riverton, IL",USA,Copper flake,700000,Cargo theft,Origin/DC,Fictitious pickup -7 shipments involved,,,Metals
2020-Q1,Monday,3/23/20,Riverton,IL,"Riverton, IL",USA,Metals,80000,Cargo theft,Origin/DC,Fictitious pickup,,,Metals
2020-Q1,Tuesday,3/24/20,Rocky Top,TN,"Rocky Top, TN",USA,Household goods,,Seal break,Parking lot,No additional details,No loss,,Household & Appliances
2020-Q1,Tuesday,3/24/20,Troy,IN,"Troy, IN",USA,Copper,196000,Cargo theft,Origin/DC,Fictitious pickup,,,Metals
2020-Q1,Wednesday,3/25/20,Odessa,TX,"Odessa, TX",USA,Water,100,Pilferage,Parking lot,No additional details,,Afternoon,Food & Drinks
2020-Q1,Thursday,3/26/20,Vaughan,ON,"Vaughan, ON",CAN,Mouthwash,24230,Cargo theft,Secure yard,No additional details,,Morning,Beauty & Personal Care
2020-Q1,Friday,3/27/20,Irving,TX,"Irving, TX",USA,Mixed goods,,Seal break,WH yard/parking,No additional details,No loss,,Mixed cargo
2020-Q2,Wednesday,4/1/20,Mira Loma,CA,"Mira Loma, CA",USA,Paper products,10000,Cargo theft,Unsecured location,No additional details,,Overnight,"Cleaning, Plastic, & Paper"
2020-Q2,Wednesday,4/1/20,Dallas,TX,"Dallas, TX",USA,Food products,50000,Cargo theft,WH yard/parking,No additional details,Recovered,,Food & Drinks
2020-Q2,Wednesday,4/1/20,Iselin,NJ,"Iselin, NJ",USA,Surgical masks,10000,Cargo theft,Unspecified,No additional details,,,Pharma & Medical supplies
2020-Q2,Wednesday,4/1/20,New York,NY,"New York, NY",USA,Face masks,9800,Cargo theft,Airline cargo terminal,No additional details,,,Pharma & Medical supplies
2020-Q2,Thursday,4/2/20,Dallas,TX,"Dallas, TX",USA,Personal care products,1000,Pilferage,Truck stop/Gas station,S Lancaster Rd,,Overnight,Beauty & Personal Care
2020-Q2,Thursday,4/2/20,Ft Worth,TX,"Ft Worth, TX",USA,Televisions,5000,Pilferage,WH yard/parking,No additional details,,Overnight,Consumer electronics
2020-Q2,Thursday,4/2/20,Rancho Cucamonga,CA,"Rancho Cucamonga, CA",USA,Air conditioners,215460,Cargo theft,Unsecured location,No additional details,,Overnight,Household & Appliances
2020-Q2,Thursday,4/2/20,Grand Prairie,TX,"Grand Prairie, TX",USA,Mixed goods,,Seal break,Drop lot,No additional details,No loss,,Mixed cargo
2020-Q2,Friday,4/3/20,City of Industry,CA,"City of Industry, CA",USA,Computers/Laptops,69735,Pilferage,Roadside,No additional details,,Afternoon,Consumer electronics
2020-Q2,Friday,4/3/20,Hammond,IN,"Hammond, IN",USA,Mixed goods,5000,Pilferage,Parking lot,No additional details,,Early AM,Mixed cargo
2020-Q2,Friday,4/3/20,Selma,AL,"Selma, AL",USA,Mixed goods,500,Pilferage,Truck stop/Gas station,Cecil Jackson Bypass,,Early AM,Mixed cargo
2020-Q2,Saturday,4/4/20,Dallas,TX,"Dallas, TX",USA,Mixed goods,,Seal break,Truck stop/Gas station,S Polk St,No loss,,Mixed cargo
2020-Q2,Saturday,4/4/20,Miami,FL,"Miami, FL",USA,Protein powder,30168,Cargo theft,Roadside,No additional details,,Overnight,Pharma & Medical supplies
2020-Q2,Sunday,4/5/20,Houston,TX,"Houston, TX",USA,Paper towels,20000,Cargo theft,Roadside,No additional details,Recovered,Overnight,"Cleaning, Plastic, & Paper"
2020-Q2,Sunday,4/5/20,Memphis,TN,"Memphis, TN",USA,Computers/Laptops,20000,Pilferage,Roadside,No additional details,,Overnight,Consumer electronics
2020-Q2,Sunday,4/5/20,Dallas,TX,"Dallas, TX",USA,Meatballs,3500,Pilferage,Truck stop/Gas station,S Polk St,,Afternoon,Food & Drinks
2020-Q2,Sunday,4/5/20,Los Angeles,CA,"Los Angeles, CA",USA,Food products,165000,Cargo theft,Unsecured location,No additional details,,,Food & Drinks
2020-Q2,Sunday,4/5/20,Los Angeles,CA,"Los Angeles, CA",USA,Meat,35000,Cargo theft,Unsecured location,No additional details,,,Food & Drinks
2020-Q2,Sunday,4/5/20,San Antonio,TX,"San Antonio, TX",USA,Mixed goods,2500,Pilferage,Drop lot,No additional details,,,Mixed cargo
2020-Q2,Monday,4/6/20,Compton,CA,"Compton, CA",USA,Spices,100000,Cargo theft,Unsecured location,No additional details,,,Food & Drinks
2020-Q2,Monday,4/6/20,Mercer,CA,"Mercer, CA",USA,Juice,50000,Cargo theft,Unspecified,No additional details,,,Food & Drinks
2020-Q2,Monday,4/6/20,Turlock,CA,"Turlock, CA",USA,Sports drinks,500,Pilferage,Truck stop/Gas station,No additional details,,,Food & Drinks
2020-Q2,Tuesday,4/7/20,Irving,TX,"Irving, TX",USA,Televisions,400000,Cargo theft,Parking lot,No additional details,,Morning,Consumer electronics
2020-Q2,Tuesday,4/7/20,Baltimore,MD,"Baltimore, MD",USA,Mixed goods,,Seal break,Parking lot,No additional details,No loss,Overnight,Mixed cargo
2020-Q2,Tuesday,4/7/20,Temple,GA,"Temple, GA",USA,Liquor,106390,Cargo theft,Truck stop/Gas station,Carrllton St,,Early AM,Tobacco & Alcohol
2020-Q2,Wednesday,4/8/20,Los Angeles,CA,"Los Angeles, CA",USA,Pet food,59616,Cargo theft,Parking lot,No additional details,,Early AM,"Animal, Farm, & Equipment"
2020-Q2,Wednesday,4/8/20,Dallas,TX,"Dallas, TX",USA,Toilet paper,500,Pilferage,Parking lot,No additional details,,Morning,"Cleaning, Plastic, & Paper"
2020-Q2,Wednesday,4/8/20,Los Angeles,CA,"Los Angeles, CA",USA,Meat,92915,Cargo theft,Roadside,No additional details,,Overnight,Food & Drinks
2020-Q2,Wednesday,4/8/20,Walton Hills,OH,"Walton Hills, OH",USA,Sporting goods,20000,Cargo theft,Drop lot,No additional details,Partial,Evening,Merchandise
2020-Q2,Wednesday,4/8/20,Williamsville,IN,"Williamsville, IN",USA,Mixed goods,,Seal break,Truck stop/Gas station,Ann Rutledge Dr,No loss,,Mixed cargo
2020-Q2,Friday,4/10/20,Azusa,CA,"Azusa, CA",USA,Air blowers,15000,Cargo theft,Unsecured location,No additional details,,,"Animal, Farm, & Equipment"
2020-Q2,Friday,4/10/20,Clear Lake,WA,"Clear Lake, WA",USA,Consumer electronics,70000,Cargo theft,Unsecured location,No additional details,Recovered,,Consumer electronics
2020-Q2,Friday,4/10/20,Birmingham,AL,"Birmingham, AL",USA,Chicken,500,Pilferage,Truck stop/Gas station,Daniel Payne Dr,,Overnight,Food & Drinks
2020-Q2,Friday,4/10/20,St Augustine,FL,"St Augustine, FL",USA,Meat,99800,Cargo theft,Truck stop/Gas station,FL 206 W,,Early AM,Food & Drinks
2020-Q2,Saturday,4/11/20,Dallas,TX,"Dallas, TX",USA,Pet food,,Seal break,WH yard/parking,No additional details,No loss,,"Animal, Farm, & Equipment"
2020-Q2,Saturday,4/11/20,Carson,CA,"Carson, CA",USA,Apparel,300000,Cargo theft,Secure yard,No additional details,,Evening,Apparel
2020-Q2,Saturday,4/11/20,Marion,AR,"Marion, AR",USA,Stereos,229000,Cargo theft,Carrier yard/parking,No additional details,,,Consumer electronics
2020-Q2,Saturday,4/11/20,Dallas,TX,"Dallas, TX",USA,Energy drinks,44588,Cargo theft,Carrier yard/parking,No additional details,,,Food & Drinks
2020-Q2,Saturday,4/11/20,Ft Worth,TX,"Ft Worth, TX",USA,Beverages,60000,Cargo theft,Roadside,No additional details,,Overnight,Food & Drinks
2020-Q2,Saturday,4/11/20,Selma,AL,"Selma, AL",USA,Malt beverages,500,Cargo theft,Truck stop/Gas station,US 80,,Evening,Food & Drinks
2020-Q2,Saturday,4/11/20,Selma,AL,"Selma, AL",USA,Food products,3000,Pilferage,Truck stop/Gas station,Citizens Pkwy,,Overnight,Food & Drinks
2020-Q2,Saturday,4/11/20,Wood Dale,IL,"Wood Dale, IL",USA,Aluminum,70000,Cargo theft,Unsecured location,No additional details,,,Metals
2020-Q2,Saturday,4/11/20,Hialeah,FL,"Hialeah, FL",USA,Mixed goods,10000,Cargo theft,Drop lot,No additional details,,Overnight,Mixed cargo
2020-Q2,Saturday,4/11/20,Miami,FL,"Miami, FL",USA,Mixed goods,70000,Cargo theft,Parking lot,No additional details,,Overnight,Mixed cargo
2020-Q2,Sunday,4/12/20,Indianapolis,IN,"Indianapolis, IN",USA,Insectisides,6000,Cargo theft,Truck stop/Gas station,No additional details,,,"Animal, Farm, & Equipment"
2020-Q2,Sunday,4/12/20,Bridgeview,IL,"Bridgeview, IL",USA,Personal care products,100000,Cargo theft,Secure yard,No additional details,,Early AM,Beauty & Personal Care
2020-Q2,Sunday,4/12/20,Bridgeview,IL,"Bridgeview, IL",USA,Personal care products,40000,Cargo theft,Secure yard,No additional details,,Early AM,Beauty & Personal Care
2020-Q2,Sunday,4/12/20,Bridgeview,IL,"Bridgeview, IL",USA,Personal care products,35000,Cargo theft,Secure yard,No additional details,,Early AM,Beauty & Personal Care
2020-Q2,Sunday,4/12/20,W Palm Beach,FL,"W Palm Beach, FL",USA,Eggs,70000,Cargo theft,Roadside,No additional details,,Overnight,Food & Drinks
2020-Q2,Sunday,4/12/20,Comfort,TX,"Comfort, TX",USA,Mixed goods,,Seal break,Truck stop/Gas station,US 87,No loss,,Mixed cargo
2020-Q2,Monday,4/13/20,Haslet,TX,"Haslet, TX",USA,Apparel,300000,Cargo theft,Secure yard,No additional details,,Early AM,Apparel
2020-Q2,Monday,4/13/20,Dallas,TX,"Dallas, TX",USA,Industrial equipment,,Seal break,Truck stop/Gas station,S Lancaster Rd,No loss,Morning,Construction & Industrial goods
2020-Q2,Tuesday,4/14/20,Kearny,NJ,"Kearny, NJ",USA,Personal care products,5000,Pilferage,Drop lot,No additional details,,Overnight,Beauty & Personal Care
2020-Q2,Wednesday,4/15/20,Kearny,NJ,"Kearny, NJ",USA,Personal care products,500,Pilferage,Drop lot,No additional details,,Overnight,Beauty & Personal Care
2020-Q2,Wednesday,4/15/20,Dallas,TX,"Dallas, TX",USA,Sports drinks,500,Pilferage,Truck stop/Gas station,Lancaster Rd,,,Food & Drinks
2020-Q2,Wednesday,4/15/20,Irving,TX,"Irving, TX",USA,Phone cases,50000,Cargo theft,Unsecured location,No additional details,,Overnight,Merchandise
2020-Q2,Wednesday,4/15/20,Dallas,TX,"Dallas, TX",USA,Steel rebar,30000,Cargo theft,Roadside,No additional details,,,Metals
2020-Q2,Thursday,4/16/20,Dallas,TX,"Dallas, TX",USA,Refrigerators,50000,Cargo theft,WH yard/parking,No additional details,,,Household & Appliances
2020-Q2,Thursday,4/16/20,Indianapolis,IN,"Indianapolis, IN",USA,Mixed goods,,Seal break,Parking lot,No additional details,No loss,,Mixed cargo
2020-Q2,Friday,4/17/20,Rancho Cucamonga,CA,"Rancho Cucamonga, CA",USA,Toys,65000,Cargo theft,Unsecured location,No additional details,,,Merchandise
2020-Q2,Friday,4/17/20,Atlanta,GA,"Atlanta, GA",USA,Cigarettes,2100,Cargo theft,Truck stop/Gas station,Northside Dr,,,Tobacco & Alcohol
2020-Q2,Saturday,4/18/20,La Puente,CA,"La Puente, CA",USA,Consumer electronics,70900,Cargo theft,Carrier yard/parking,No additional details,,Evening,Consumer electronics
2020-Q2,Saturday,4/18/20,Grand Prairie,TX,"Grand Prairie, TX",USA,Mixed goods,3000,Pilferage,Drop lot,No additional details,,,Mixed cargo
2020-Q2,Saturday,4/18/20,,,", ",USA,Mixed goods,,Seal break,Carrier yard/parking,No additional details,No loss,,Mixed cargo
2020-Q2,Sunday,4/19/20,Jurupa Valley,CA,"Jurupa Valley, CA",USA,Personal care products,199000,Cargo theft,Carrier yard/parking,No additional details,,,Beauty & Personal Care
2020-Q2,Sunday,4/19/20,Memphis,TN,"Memphis, TN",USA,Crackers,100,Pilferage,WH yard/parking,No additional details,,Overnight,Food & Drinks
2020-Q2,Sunday,4/19/20,Burlington,NC,"Burlington, NC",USA,Mixed goods,,Seal break,Truck stop/Gas station,I-85 S,No loss,,Mixed cargo
2020-Q2,Sunday,4/19/20,Markham,IL,"Markham, IL",USA,Mixed goods,,Seal break,Carrier yard/parking,No additional details,No loss,,Mixed cargo
2020-Q2,Sunday,4/19/20,Dallas,TX,"Dallas, TX",USA,Vodka,2000,Pilferage,Truck stop/Gas station,Bonnie View Rd,,Overnight,Tobacco & Alcohol
2020-Q2,Monday,4/20/20,Millington,TN,"Millington, TN",USA,Computer monitors,3000,Pilferage,WH yard/parking,No additional details,,Early AM,Consumer electronics
2020-Q2,Monday,4/20/20,Irving,TX,"Irving, TX",USA,Mixed goods,,Seal break,Drop lot,No additional details,No loss,,Mixed cargo
2020-Q2,Tuesday,4/21/20,Miami Gardens,FL,"Miami Gardens, FL",USA,Automobiles,554450,Cargo theft,Parking lot,No additional details,,Overnight,Automobile & Parts
2020-Q2,Tuesday,4/21/20,Kansas City,KS,"Kansas City, KS",USA,Mixed goods,,Seal break,Drop lot,No additional details,No loss,Overnight,Mixed cargo
2020-Q2,Wednesday,4/22/20,Dallas,TX,"Dallas, TX",USA,Pet food,2000,Pilferage,Truck stop/Gas station,Bonnie View Rd,,Overnight,"Animal, Farm, & Equipment"
2020-Q2,Wednesday,4/22/20,Lake Havasu,AZ,"Lake Havasu, AZ",USA,Consumer electronics,70000,Cargo theft,Truck stop/Gas station,Wireless earbuds,,,Consumer electronics
2020-Q2,Wednesday,4/22/20,Atoka,OK,"Atoka, OK",USA,Mixed goods,,Seal break,Truck stop/Gas station,S Mississippi Ave,No loss,,Mixed cargo
2020-Q2,Wednesday,4/22/20,Minooka,IL,"Minooka, IL",USA,Mixed goods,,Seal break,Truck stop/Gas station,Ridge Rd,No loss,,Mixed cargo
2020-Q2,Thursday,4/23/20,Dallas,TX,"Dallas, TX",USA,Mixed goods,,Seal break,Truck stop/Gas station,S Polk St,No loss,,Mixed cargo
2020-Q2,Friday,4/24/20,S Harrison,NJ,"S Harrison, NJ",USA,Lamb,50000,Cargo theft,Unspecified,Fictitious pickup,,,Food & Drinks
2020-Q2,Friday,4/24/20,Atlanta,GA,"Atlanta, GA",USA,Cigarettes,3000,Pilferage,Truck stop/Gas station,No additional details,,Morning,Tobacco & Alcohol
2020-Q2,Saturday,4/25/20,Bronx,NY,"Bronx, NY",USA,Disinfectants,50000,Cargo theft,Parking lot,No additional details,,Overnight,"Cleaning, Plastic, & Paper"
2020-Q2,Saturday,4/25/20,Carlisle,PA,"Carlisle, PA",USA,Cleaning products,72031,Cargo theft,Drop lot,No additional details,,Evening,"Cleaning, Plastic, & Paper"
2020-Q2,Saturday,4/25/20,Bedford Park,IL,"Bedford Park, IL",USA,Fruit puree,65026,Cargo theft,Unsecured location,No additional details,,Overnight,Food & Drinks
2020-Q2,Saturday,4/25/20,Mississiaugi,ON,"Mississiaugi, ON",CAN,Ingots,40000,Cargo theft,Unsecured location,No additional details,,Overnight,Metals
2020-Q2,Sunday,4/26/20,Fresno,CA,"Fresno, CA",USA,Garden supplies,5000,Cargo theft,Residence,No additional details,,Overnight,"Animal, Farm, & Equipment"
2020-Q2,Sunday,4/26/20,Riverdale,CA,"Riverdale, CA",USA,Fertilizer,250000,Cargo theft,Unsecured location,No additional details,,,"Animal, Farm, & Equipment"
2020-Q2,Sunday,4/26/20,Dallas,TX,"Dallas, TX",USA,Paper products,10000,Cargo theft,Secure yard,No additional details,,,"Cleaning, Plastic, & Paper"
2020-Q2,Sunday,4/26/20,Dallas,TX,"Dallas, TX",USA,Detergent,500,Pilferage,Roadside,No additional details,,Evening,"Cleaning, Plastic, & Paper"
2020-Q2,Sunday,4/26/20,Auburndale,FL,"Auburndale, FL",USA,Appliances,107052,Cargo theft,Truck stop/Gas station,Hwy 559,,Evening,Household & Appliances
2020-Q2,Monday,4/27/20,S Brunswick,NJ,"S Brunswick, NJ",USA,Batteries,10000,Pilferage,Drop lot,No additional details,,Overnight,Automobile & Parts
2020-Q2,Monday,4/27/20,City of Industry,CA,"City of Industry, CA",USA,Air mattresses,100000,Cargo theft,Parking lot,No additional details,,Overnight,Household & Appliances
2020-Q2,Wednesday,4/29/20,Dallas,TX,"Dallas, TX",USA,Mixed goods,2500,Pilferage,Truck stop/Gas station,S Polk St,,Overnight,Mixed cargo
2020-Q2,Thursday,4/30/20,Santa Fe Springs,CA,"Santa Fe Springs, CA",USA,Shoes,100000,Cargo theft,Carrier yard/parking,No additional details,,Early AM,Apparel
2020-Q2,Thursday,4/30/20,Waxahachie,TX,"Waxahachie, TX",USA,Disinfectants,1000,Cargo theft,Roadside,No additional details,,Morning,"Cleaning, Plastic, & Paper"
2020-Q2,Thursday,4/30/20,Atlanta,GA,"Atlanta, GA",USA,Cigarettes,6930,Cargo theft,Truck stop/Gas station,No additional details,,,Tobacco & Alcohol
2020-Q2,Friday,5/1/20,La Grange,IL,"La Grange, IL",USA,Tires,50000,Cargo theft,Secure yard,No additional details,,Afternoon,Automobile & Parts
2020-Q2,Saturday,5/2/20,Port Wentworth,GA,"Port Wentworth, GA",USA,Paper towels,5000,Cargo theft,Drop lot,No additional details,,Overnight,"Cleaning, Plastic, & Paper"
2020-Q2,Sunday,5/3/20,Yorba Linda,CA,"Yorba Linda, CA",USA,Leaf blowers,8985,Pilferage,Rail yard,No additional details,,,"Animal, Farm, & Equipment"
2020-Q2,Monday,5/4/20,Los Angeles,CA,"Los Angeles, CA",USA,Lighters,250,Pilferage,Rail yard,No additional details,,Early AM,Merchandise
2020-Q2,Monday,5/4/20,Portage,IN,"Portage, IN",USA,Face masks,2200,Pilferage,Truck stop/Gas station,Clem Rd,,Afternoon,Pharma & Medical supplies
2020-Q2,Wednesday,5/6/20,N Las Vegas,NV,"N Las Vegas, NV",USA,Potato chips,2000,Pilferage,Carrier yard/parking,No additional details,,,Food & Drinks
2020-Q2,Wednesday,5/6/20,Houston,TX,"Houston, TX",USA,Mixed goods,,Seal break,Drop lot,No additional details,No loss,,Mixed cargo
2020-Q2,Thursday,5/7/20,Detroit,MI,"Detroit, MI",USA,Mixed goods,,Seal break,Parking lot,No additional details,No loss,,Mixed cargo
2020-Q2,Friday,5/8/20,N Las Vegas,NV,"N Las Vegas, NV",USA,Toilet paper,650,Pilferage,Drop lot,No additional details,,Evening,"Cleaning, Plastic, & Paper"
2020-Q2,Friday,5/8/20,Tuscumbia,AL,"Tuscumbia, AL",USA,Fireworks,500,Pilferage,Truck stop/Gas station,No additional details,,Early AM,Merchandise
2020-Q2,Friday,5/8/20,South Holland,IL,"South Holland, IL",USA,Mixed goods,1500,Pilferage,Rest area,No additional details,,Morning,Mixed cargo
2020-Q2,Friday,5/8/20,Thornton,IL,"Thornton, IL",USA,Mixed goods,5000,Pilferage,Truck stop/Gas station,E Tri-State,,Morning,Mixed cargo
2020-Q2,Friday,5/8/20,Tonkawa,OK,"Tonkawa, OK",USA,Mixed goods,,Seal break,Truck stop/Gas station,W Fountain Rd,No loss,,Mixed cargo
2020-Q2,Saturday,5/9/20,Brookville,PA,"Brookville, PA",USA,Mixed goods,,Seal break,Drop lot,No additional details,No loss,,Mixed cargo
2020-Q2,Saturday,5/9/20,Newark,NJ,"Newark, NJ",USA,Mixed goods,,Seal break,Drop lot,No additional details,No loss,,Mixed cargo
2020-Q2,Sunday,5/10/20,McCook,IL,"McCook, IL",USA,Cookies,80000,Cargo theft,Carrier yard/parking,No additional details,,,Food & Drinks
2020-Q2,Sunday,5/10/20,Dallas,TX,"Dallas, TX",USA,Mixed goods,2500,Pilferage,Parking lot,No additional details,,,Mixed cargo
2020-Q2,Monday,5/11/20,Philadelphia,PA,"Philadelphia, PA",USA,Pasta sauce,2500,Pilferage,Roadside,No additional details,,,Food & Drinks
2020-Q2,Monday,5/11/20,Terrell,TX,"Terrell, TX",USA,Steel rebar,50000,Cargo theft,Parking lot,No additional details,,Evening,Metals
2020-Q2,Monday,5/11/20,Richmond,IN,"Richmond, IN",USA,Mixed goods,,Seal break,Truck stop/Gas station,US 30 padlock prevented further breach,No loss,,Mixed cargo
2020-Q2,Tuesday,5/12/20,Kenly,NC,"Kenly, NC",USA,Food products,,Seal break,Truck stop/Gas station,Truckstop Rd,No loss,Overnight,Food & Drinks
2020-Q2,Tuesday,5/12/20,Memphis,TN,"Memphis, TN",USA,Mixed goods,2000,Pilferage,Roadside,No additional details,,Morning,Mixed cargo
2020-Q2,Wednesday,5/13/20,Kenly,NC,"Kenly, NC",USA,Mixed goods,,Seal break,Truck stop/Gas station,Johnston Pkwy,No loss,,Mixed cargo
2020-Q2,Thursday,5/14/20,Toomsuba,MS,"Toomsuba, MS",USA,Mixed goods,,Seal break,Truck stop/Gas station,Will Garrett Rd,No loss,,Mixed cargo
2020-Q2,Friday,5/15/20,Knoxville,TN,"Knoxville, TN",USA,Cleaning products,,Seal break,Truck stop/Gas station,Lovell Rd,No loss,Morning,"Cleaning, Plastic, & Paper"
2020-Q2,Saturday,5/16/20,Bloomington,CA,"Bloomington, CA",USA,Audio equipment,1920000,Cargo theft,Unsecured location,No additional details,,,Consumer electronics
2020-Q2,Sunday,5/17/20,Lemont,IL,"Lemont, IL",USA,Automobiles,50000,Cargo theft,Carrier yard/parking,No additional details,,Overnight,Automobile & Parts
2020-Q2,Sunday,5/17/20,Etobicoke,ON,"Etobicoke, ON",CAN,Televisions,34650,Cargo theft,Secure yard,No additional details,,Morning,Consumer electronics
2020-Q2,Sunday,5/17/20,Paterson,NJ,"Paterson, NJ",USA,Chicken,100000,Cargo theft,Unsecured location,No additional details,,,Food & Drinks
2020-Q2,Sunday,5/17/20,Memphis,TN,"Memphis, TN",USA,Mixed goods,,Seal break,WH yard/parking,No additional details,No loss,Overnight,Mixed cargo
2020-Q2,Sunday,5/17/20,San Francisco,CA,"San Francisco, CA",USA,PPE,684000,Cargo theft,Airline cargo terminal,Import from China,,,Pharma & Medical supplies
2020-Q2,Monday,5/18/20,Atlanta,GA,"Atlanta, GA",USA,Pet food,1000,Pilferage,Truck stop/Gas station,Bouldercrest Rd,,Evening,"Animal, Farm, & Equipment"
2020-Q2,Monday,5/18/20,Moreno Valley,CA,"Moreno Valley, CA",USA,Detergent,1000,Pilferage,Roadside,No additional details,,Overnight,"Cleaning, Plastic, & Paper"
2020-Q2,Monday,5/18/20,Moreno Valley,CA,"Moreno Valley, CA",USA,Laundry detergent,1000,Pilferage,Roadside,No additional details,,Overnight,"Cleaning, Plastic, & Paper"
2020-Q2,Tuesday,5/19/20,Grapevine,TX,"Grapevine, TX",USA,Televisions,2500,Pilferage,Unsecured location,No additional details,,,Consumer electronics
2020-Q2,Tuesday,5/19/20,Grapevine,TX,"Grapevine, TX",USA,Televisions,2500,Pilferage,Unsecured location,No additional details,,,Consumer electronics
2020-Q2,Tuesday,5/19/20,Hammond,IN,"Hammond, IN",USA,Music equipment,100000,Cargo theft,Roadside,No additional details,,Overnight,Household & Appliances
2020-Q2,Wednesday,5/20/20,Dallas,TX,"Dallas, TX",USA,Store fixtures,,Seal break,Truck stop/Gas station,Lancaster Rd,No loss,Overnight,Construction & Industrial goods
2020-Q2,Wednesday,5/20/20,City of Industry,CA,"City of Industry, CA",USA,Energy drinks,43167,Cargo theft,Roadside,No additional details,,Evening,Food & Drinks
2020-Q2,Friday,5/22/20,Chicago,IL,"Chicago, IL",USA,Toothbrushes,2000,Pilferage,Rail yard,No additional details,,,Beauty & Personal Care
2020-Q2,Friday,5/22/20,Edison,NJ,"Edison, NJ",USA,Energy drinks,55000,Cargo theft,WH yard/parking,No additional details,,Overnight,Food & Drinks
2020-Q2,Friday,5/22/20,Dallas,TX,"Dallas, TX",USA,Appliances,66728,Cargo theft,Drop lot,No additional details,,Overnight,Household & Appliances
2020-Q2,Friday,5/22/20,Houston,TX,"Houston, TX",USA,Mixed goods,2500,Pilferage,Truck stop/Gas station,N McCarty Rd,,Overnight,Mixed cargo
2020-Q2,Saturday,5/23/20,N Las Vegas,NV,"N Las Vegas, NV",USA,Lawn mowers,7000,Cargo theft,Drop lot,No additional details,,Early AM,"Animal, Farm, & Equipment"
2020-Q2,Saturday,5/23/20,Oak Grove,KY,"Oak Grove, KY",USA,Weed killer,100,Pilferage,Truck stop/Gas station,Pembroke Oak Grove Rd,,Overnight,"Animal, Farm, & Equipment"
2020-Q2,Saturday,5/23/20,N Las Vegas,NV,"N Las Vegas, NV",USA,Bleach,500,Cargo theft,Drop lot,No additional details,,Early AM,"Cleaning, Plastic, & Paper"
2020-Q2,Saturday,5/23/20,Irving,TX,"Irving, TX",USA,Roof shingles,100000,Cargo theft,Truck stop/Gas station,N Loop 12,,,Construction & Industrial goods
2020-Q2,Saturday,5/23/20,Dallas,TX,"Dallas, TX",USA,Chicken,20718,Pilferage,Roadside,No additional details,,,Food & Drinks
2020-Q2,Sunday,5/24/20,Miami,FL,"Miami, FL",USA,Cleaning products,66560,Cargo theft,Parking lot,No additional details,,Overnight,"Cleaning, Plastic, & Paper"
2020-Q2,Sunday,5/24/20,Surrey,BC,"Surrey, BC",CAN,Toilet paper,120000,Cargo theft,Unsecured location,No additional details,,,"Cleaning, Plastic, & Paper"
2020-Q2,Sunday,5/24/20,Paramus,NJ,"Paramus, NJ",USA,Olive oil,62041,Cargo theft,Unsecured location,No additional details,,,Food & Drinks
2020-Q2,Sunday,5/24/20,San Antonio,TX,"San Antonio, TX",USA,Soft drinks,1000,Pilferage,Drop lot,No additional details,,,Food & Drinks
2020-Q2,Sunday,5/24/20,Miami,FL,"Miami, FL",USA,Appliances,50000,Cargo theft,Parking lot,No additional details,,Early AM,Household & Appliances
2020-Q2,Monday,5/25/20,Doral,FL,"Doral, FL",USA,Personal care products,43070,Cargo theft,WH yard/parking,No additional details,,Evening,Beauty & Personal Care
2020-Q2,Monday,5/25/20,Jurupa Valley,CA,"Jurupa Valley, CA",USA,Soap,30000,Cargo theft,Roadside,No additional details,,Afternoon,Beauty & Personal Care
2020-Q2,Monday,5/25/20,Spartanburg,SC,"Spartanburg, SC",USA,Personal care products,1500,Pilferage,Parking lot,No additional details,,Overnight,Beauty & Personal Care
2020-Q2,Monday,5/25/20,Miami,FL,"Miami, FL",USA,Beef,45000,Cargo theft,Parking lot,No additional details,,Overnight,Food & Drinks
2020-Q2,Wednesday,5/27/20,Wasco,CA,"Wasco, CA",USA,Almonds,250000,Cargo theft,Unspecified,Fictitious pickup,,,Food & Drinks
2020-Q2,Thursday,5/28/20,Ft Worth,TX,"Ft Worth, TX",USA,Tires,60000,Cargo theft,Parking lot,No additional details,,Evening,Automobile & Parts
2020-Q2,Thursday,5/28/20,Wasco,CA,"Wasco, CA",USA,Almonds,250000,Cargo theft,Unspecified,Fictitious pickup,,,Food & Drinks
2020-Q2,Friday,5/29/20,Memphis,TN,"Memphis, TN",USA,Tires,6000,Pilferage,WH yard/parking,No additional details,,Overnight,Automobile & Parts
2020-Q2,Friday,5/29/20,Joliet,IL,"Joliet, IL",USA,Mixed goods,,Seal break,Truck stop/Gas station,E Laraway Rd,No loss,,Mixed cargo
2020-Q2,Friday,5/29/20,Minden,LA,"Minden, LA",USA,Mixed goods,,Seal break,Truck stop/Gas station,Industrial Dr,No loss,,Mixed cargo
2020-Q2,Saturday,5/30/20,N Las Vegas,NV,"N Las Vegas, NV",USA,Apparel,60000,Cargo theft,Parking lot,No additional details,,,Apparel
2020-Q2,Saturday,5/30/20,Marion,AR,"Marion, AR",USA,Tires,100000,Pilferage,Rail yard,No additional details,,,Automobile & Parts
2020-Q2,Saturday,5/30/20,Miami,FL,"Miami, FL",USA,Cereal,3000,Cargo theft,Parking lot,No additional details,,Afternoon,Food & Drinks
2020-Q2,Sunday,5/31/20,Mansfield,TX,"Mansfield, TX",USA,Toothpaste,40000,Cargo theft,Unspecified,Truck repair shop,,Early AM,Beauty & Personal Care
2020-Q2,Sunday,5/31/20,Memphis,TN,"Memphis, TN",USA,Televisions,10000,Cargo theft,Warehouse,No additional details,,Early AM,Consumer electronics
2020-Q2,Sunday,5/31/20,Memphis,TN,"Memphis, TN",USA,Televisions,10000,Cargo theft,Warehouse,No additional details,,,Consumer electronics
2020-Q2,Sunday,5/31/20,Miami,FL,"Miami, FL",USA,Orange juice,40000,Cargo theft,Roadside,No additional details,Partial,,Food & Drinks
2020-Q2,Sunday,5/31/20,Savannah,GA,"Savannah, GA",USA,Beef,1200,Pilferage,Parking lot,No additional details,,,Food & Drinks
2020-Q2,Sunday,5/31/20,Newark,NJ,"Newark, NJ",USA,Mixed goods,,Seal break,Drop lot,No additional details,No loss,,Mixed cargo
2020-Q2,Sunday,5/31/20,Toledo,OH,"Toledo, OH",USA,Mixed goods,,Seal break,Drop lot,No additional details,No loss,,Mixed cargo
2020-Q2,Tuesday,6/2/20,Burr Ridge,IL,"Burr Ridge, IL",USA,Tires,46750,Cargo theft,Secure yard,No additional details,,Overnight,Automobile & Parts
2020-Q2,Tuesday,6/2/20,Chicago,IL,"Chicago, IL",USA,Televisions,65000,Pilferage,Rail yard,No additional details,,,Consumer electronics
2020-Q2,Tuesday,6/2/20,Chicago,IL,"Chicago, IL",USA,Televisions,70000,Pilferage,Rail yard,No additional details,,,Consumer electronics
2020-Q2,Tuesday,6/2/20,Dallas,TX,"Dallas, TX",USA,Beef,1603,Cargo theft,Truck stop/Gas station,S Lancaster Rd,,,Food & Drinks
2020-Q2,Tuesday,6/2/20,Chicago,IL,"Chicago, IL",USA,Appliances,30000,Cargo theft,Roadside,No additional details,,Morning,Household & Appliances
2020-Q2,Wednesday,6/3/20,Bakersfield,CA,"Bakersfield, CA",USA,Dog food,2500,Pilferage,Unsecured location,No additional details,,Overnight,"Animal, Farm, & Equipment"
2020-Q2,Wednesday,6/3/20,Memphis,TN,"Memphis, TN",USA,Potato chips,200,Cargo theft,Roadside,No additional details,,Overnight,Food & Drinks
2020-Q2,Saturday,6/6/20,Santa Ana,CA,"Santa Ana, CA",USA,Disk drives,7500000,Cargo theft,Secure yard,No additional details,,Overnight,Consumer electronics
2020-Q2,Saturday,6/6/20,French Camp,CA,"French Camp, CA",USA,Mixed goods,2500,Cargo theft,Carrier yard/parking,No additional details,,,Mixed cargo
2020-Q2,Sunday,6/7/20,Memphis,TN,"Memphis, TN",USA,Motor oil,15000,Pilferage,Roadside,No additional details,,Early AM,Automobile & Parts
2020-Q2,Sunday,6/7/20,Mansfield,TX,"Mansfield, TX",USA,Toilet paper,50000,Cargo theft,Parking lot,No additional details,,Overnight,"Cleaning, Plastic, & Paper"
2020-Q2,Sunday,6/7/20,Chicago,IL,"Chicago, IL",USA,Consumer electronics,30000,Pilferage,Rail yard,No additional details,,Morning,Consumer electronics
2020-Q2,Sunday,6/7/20,Newark,NJ,"Newark, NJ",USA,Mixed goods,,Seal break,Drop lot,No additional details,No loss,,Mixed cargo
2020-Q2,Sunday,6/7/20,Hauppauge,NY,"Hauppauge, NY",USA,Vitamins,100000,Cargo theft,Secure yard,No additional details,,,Pharma & Medical supplies
2020-Q2,Monday,6/8/20,Dallas,TX,"Dallas, TX",USA,Energy drinks,2500,Pilferage,Truck stop/Gas station,S Lancaster Rd,,Evening,Food & Drinks
2020-Q2,Monday,6/8/20,Oakland,CA,"Oakland, CA",USA,Beef,3000,Pilferage,Roadside,No additional details,,Overnight,Food & Drinks
2020-Q2,Monday,6/8/20,Aiken,SC,"Aiken, SC",USA,Mixed goods,,Seal break,WH yard/parking,No additional details,No loss,Early AM,Mixed cargo
2020-Q2,Monday,6/8/20,Irving,TX,"Irving, TX",USA,Mixed goods,,Seal break,Carrier yard/parking,No additional details,No loss,,Mixed cargo
2020-Q2,Thursday,6/11/20,Fremont,CA,"Fremont, CA",USA,Hard drives,195285,Pilferage,Roadside,No additional details,,,Consumer electronics
2020-Q2,Thursday,6/11/20,Florida City,FL,"Florida City, FL",USA,Cereal,49787,Cargo theft,Parking lot,No additional details,Recovered,Early AM,Food & Drinks
2020-Q2,Friday,6/12/20,Miami,FL,"Miami, FL",USA,Pet food,20000,Cargo theft,Unsecured location,No additional details,,Overnight,"Animal, Farm, & Equipment"
2020-Q2,Friday,6/12/20,Memphis,TN,"Memphis, TN",USA,Stationary,100,Pilferage,Roadside,No additional details,,Overnight,Merchandise
2020-Q2,Saturday,6/13/20,Gary,IN,"Gary, IN",USA,Tires,25730,Cargo theft,Parking lot,No additional details,,Overnight,Automobile & Parts
2020-Q2,Saturday,6/13/20,Lockport,IL,"Lockport, IL",USA,Tires,40000,Cargo theft,Drop lot,No additional details,,Overnight,Automobile & Parts
2020-Q2,Saturday,6/13/20,Dallas,TX,"Dallas, TX",USA,Mixed goods,,Seal break,Truck stop/Gas station,S Lancaster Rd,No loss,Early AM,Mixed cargo
2020-Q2,Saturday,6/13/20,Scottsboro,AL,"Scottsboro, AL",USA,Mixed goods,,Seal break,Truck stop/Gas station,John T Reid Pkwy,No loss,,Mixed cargo
2020-Q2,Saturday,6/13/20,Long Beach,CA,"Long Beach, CA",USA,Face shields,50000,Cargo theft,Secure yard,No additional details,,,Pharma & Medical supplies
2020-Q2,Sunday,6/14/20,Gastonia,NC,"Gastonia, NC",USA,Energy drinks,100000,Cargo theft,Truck stop/Gas station,No additional details,,,Food & Drinks
2020-Q2,Monday,6/15/20,Bronx,NY,"Bronx, NY",USA,Bleach,20160,Cargo theft,Parking lot,No additional details,,Overnight,"Cleaning, Plastic, & Paper"
2020-Q2,Wednesday,6/15/20,Miami Beach,FL,"Miami Beach, FL",USA,Appliances,66580,Cargo theft,Marine terminal,No additional details,,Afternoon,Household & Appliances
2020-Q2,Tuesday,6/16/20,Carson,CA,"Carson, CA",USA,Wireless routers,20671,Pilferage,Roadside,No additional details,,Afternoon,Consumer electronics
2020-Q2,Tuesday,6/16/20,Memphis,TN,"Memphis, TN",USA,Water,400,Pilferage,Roadside,No additional details,,Overnight,Food & Drinks
2020-Q2,Wednesday,6/17/20,Lynwood,CA,"Lynwood, CA",USA,Shoes,100000,Cargo theft,Unsecured location,No additional details,,,Apparel
2020-Q2,Wednesday,6/17/20,Conley,GA,"Conley, GA",USA,Paper towels,3000,Pilferage,Drop lot,No additional details,,Overnight,"Cleaning, Plastic, & Paper"
2020-Q2,Wednesday,6/17/20,Dallas,TX,"Dallas, TX",USA,Air conditioner filters,,Seal break,Truck stop/Gas station,S Lancaster Rd,No loss,Morning,Household & Appliances
2020-Q2,Wednesday,6/17/20,Conley,GA,"Conley, GA",USA,Mixed goods,2500,Pilferage,Secure yard,No additional details,,Overnight,Mixed cargo
2020-Q2,Thursday,6/18/20,Lancaster,TX,"Lancaster, TX",USA,Food products,20468,Cargo theft,Unsecured location,No additional details,,,Food & Drinks
2020-Q2,Friday,6/19/20,Terrell,TX,"Terrell, TX",USA,Vacuums,50000,Cargo theft,Truck stop/Gas station,TX 34S,,,Household & Appliances
2020-Q2,Saturday,6/20/20,N Richland Hills,TX,"N Richland Hills, TX",USA,Televisions,135000,Cargo theft,Roadside,No additional details,,,Consumer electronics
2020-Q2,Saturday,6/20/20,Colton,CA,"Colton, CA",USA,Toys,25000,Cargo theft,Secure yard,No additional details,,,Merchandise
2020-Q2,Saturday,6/20/20,Dallas,TX,"Dallas, TX",USA,Aluminum scrap,100000,Cargo theft,Truck stop/Gas station,S Lancaster Rd,,,Metals
2020-Q2,Sunday,6/21/20,Irving,TX,"Irving, TX",USA,Beef,42000,Cargo theft,Carrier yard/parking,No additional details,,,Food & Drinks
2020-Q2,Sunday,6/21/20,Richmond,IN,"Richmond, IN",USA,Mixed goods,,Seal break,Truck stop/Gas station,US 35,No loss,,Mixed cargo
2020-Q2,Sunday,6/21/20,Arlington,TX,"Arlington, TX",USA,Ventilators,10000,Pilferage,Roadside,No additional details,,Overnight,Pharma & Medical supplies
2020-Q2,Monday,6/22/20,Cinamminson,NJ,"Cinamminson, NJ",USA,Televisions,50000,Cargo theft,Unsecured location,No additional details,,,Consumer electronics
2020-Q2,Monday,6/22/20,Naranja,FL,"Naranja, FL",USA,Cell Phones,400000,Cargo theft,Roadside,No additional details,,Early AM,Consumer electronics
2020-Q2,Tuesday,6/23/20,Dallas,TX,"Dallas, TX",USA,Household goods,1500,Pilferage,Truck stop/Gas station,S Lancaster Rd,,,Household & Appliances
2020-Q2,Tuesday,6/23/20,Detroit,MI,"Detroit, MI",USA,Mixed goods,2500,Pilferage,Parking lot,No additional details,,Early AM,Mixed cargo
2020-Q2,Wednesday,6/24/20,Denham Springs,LA,"Denham Springs, LA",USA,Scanners,,Seal break,Truck stop/Gas station,S Range Ave,No loss,Early AM,Consumer electronics
2020-Q2,Wednesday,6/24/20,Memphis,TN,"Memphis, TN",USA,Food products,3000,Cargo theft,WH yard/parking,No additional details,,Overnight,Food & Drinks
2020-Q2,Wednesday,6/24/20,Miami,FL,"Miami, FL",USA,Tequila,100000,Cargo theft,Unsecured location,No additional details,,Evening,Tobacco & Alcohol
2020-Q2,Thursday,6/25/20,Moreno Valley,CA,"Moreno Valley, CA",USA,Hot chocolate,45811,Cargo theft,Parking lot,No additional details,,Afternoon,Food & Drinks
2020-Q2,Friday,6/26/20,Hamilton,ON,"Hamilton, ON",CAN,Air conditioners,98000,Cargo theft,Carrier yard/parking,No additional details,,Overnight,Household & Appliances
2020-Q2,Friday,6/26/20,Springfield,OH,"Springfield, OH",USA,Mixed goods,,Seal break,Roadside,No additional details,No loss,,Mixed cargo
2020-Q2,Saturday,6/27/20,Bronx,NY,"Bronx, NY",USA,Corn oil,47693,Cargo theft,Roadside,No additional details,,Overnight,Food & Drinks
2020-Q2,Saturday,6/27/20,Dublin,GA,"Dublin, GA",USA,Mixed goods,5000,Pilferage,Truck stop/Gas station,Bouldercrest Rd,,Evening,Mixed cargo
2020-Q2,Sunday,6/28/20,E St Louis,MO,"E St Louis, MO",USA,Mixed goods,,Seal break,Carrier yard/parking,No additional details,No loss,,Mixed cargo
2020-Q2,Sunday,6/28/20,Winger Haven,FL,"Winger Haven, FL",USA,Hemp,135000,Cargo theft,Drop lot,No additional details,,,Pharma & Medical supplies
2020-Q2,Monday,6/29/20,Los Angeles,CA,"Los Angeles, CA",USA,Beverages,40000,Cargo theft,Secure yard,No additional details,,,Food & Drinks
2020-Q2,Monday,6/29/20,Memphis,TN,"Memphis, TN",USA,Alcoholic beverages,,Pilferage,secure yard,carriers second break in at location ,,Early AM,food & Drinks
2020-Q2,Tuesday,6/30/20,Lost Hills,CA,"Lost Hills, CA",USA,Pistaschios,100000,Cargo theft,Unspecified,Fictitious pickup,,,Food & Drinks
2020-Q2,Tuesday,6/30/20,Omaha,NE,"Omaha, NE",USA,Beef,100000,Cargo theft,Unspecified,Fictitious pickup,,,Food & Drinks
2020-Q2,Tuesday,6/30/20,Omaha,NE,"Omaha, NE",USA,Beef,100000,Cargo theft,Unspecified,Fictitious pickup,,,Food & Drinks
2020-Q3,Thursday,7/16/20,Matteson,IL,"Matteson, IL",USA,Automobiles,,Pilferage,Parking lot,No additional details,,Afternoon,Automobile & Parts
2020-Q3,Tuesday,7/21/20,Forest Park,IL,"Forest Park, IL",USA,Automobiles,,Cargo theft,Rail yard,W. Roosevelt Rd ,,,Automobile & Parts
2020-Q3,Thursday,7/21/20,Romeoville,IL,"Romeoville, IL",USA,Mixed goods,,Cargo theft,Unspecified,No additional details,,,Mixed cargo
2020-Q3,Wednesday,7/29/20,El Paso,TX,"El Paso, TX",USA,Assorted Copper,2000000,Cargo theft,Secure yard,897 Hawkins,no loss,,Metals
2020-Q3,Monday,8/3/20,,AZ,", AZ",USA,Computers/Laptops,,Pilferage,Truck stop/Gas station,No additional details,,,Consumer electronics
2020-Q3,Monday,8/3/20,,TN,", TN",USA,Miscellaneous electronics,,Pilferage,Truck stop/Gas station,No additional details,,,Consumer electronics
2020-Q3,Monday,8/3/20,,ON,", ON",CAN,Copper wire,,Cargo theft,Unspecified,No additional details,,,Metals
2020-Q3,Monday,8/3/20,,TX,", TX",USA,Shingles,,Cargo theft,Unspecified,No additional details,,,Construction & Industrial goods
2020-Q3,Wednesday,8/5/20,,CA,", CA",USA,Bottled water,,Pilferage,Truck stop/Gas station,No additional details,,,Food & Drinks
2020-Q3,Thursday,8/6/20,,PA,", PA",USA,Tractor/Trailer parts,,Cargo theft,Unspecified,No additional details,,,Automobile & Parts
2020-Q3,Friday,8/7/20,,GA,", GA",USA,Appliances,,Cargo theft,Unspecified,No additional details,,,Household & Appliances
2020-Q3,Saturday,8/8/20,,NY,", NY",USA,Mixed cargo,,Pilferage,Truck stop/Gas station,No additional details,,,Mixed cargo
2020-Q3,Saturday,8/8/20,,GA,", GA",USA,Gas grills,,Cargo theft,Unspecified,No additional details,,,Household & Appliances
2020-Q3,Sunday,8/9/20,Hutchins,TX,"Hutchins, TX",USA,LG Dryers,,Cargo theft,Secure yard,BNE,,,Household & Appliances
2020-Q3,Sunday,8/9/20,Pensacola,FL,"Pensacola, FL",USA,Copper Reels,140000,Pilferage,WH yard/parking,Fictitious pickup,,Early AM,Metals
2020-Q3,Sunday,8/9/20,,FL,", FL",USA,Bare copper,,Cargo theft,Warehouse,"9 reels (38,000 lbs)",,,Metals
2020-Q3,Sunday,8/9/20,,NJ,", NJ",USA,Disinfectant,,Cargo theft,Unspecified,No additional details,,,"Cleaning, Plastic, & Paper"
2020-Q3,Sunday,8/9/20,,NJ,", NJ",USA,Nitrile globes,,Pilferage,Truck stop/Gas station,No additional details,,,Pharma & Medical supplies
2020-Q3,Sunday,8/9/20,,CA,", CA",USA,Beans,,Cargo theft,Unspecified,No additional details,,,Food & Drinks
2020-Q3,Sunday,8/9/20,,TX,", TX",USA,Dryers,,Pilferage,Truck stop/Gas station,No additional details,,,Household & Appliances
2020-Q3,Monday,8/10/20,,NJ,", NJ",USA,Appliances,,Cargo theft,Unspecified,No additional details,,,Household & Appliances
2020-Q3,Monday,8/10/20,,ON,", ON",CAN,Televisions,,Cargo theft,Unspecified,No additional details,,,Consumer electronics
2020-Q3,Tuesday,8/11/20,,IL,", IL",USA,Appliances,,Cargo theft,Roadside,Hijacking,,,Household & Appliances
2020-Q3,Tuesday,8/11/20,,KS,", KS",USA,Detergent,,Pilferage,Truck stop/Gas station,No additional details,,,"Cleaning, Plastic, & Paper"
2020-Q3,Wednesday,8/12/20,,TX,", TX",USA,Shingles,,Cargo theft,Unspecified,No additional details,,,Construction & Industrial goods
2020-Q3,Wednesday,8/12/20,,CT,", CT",USA,Televisions,,Pilferage,Truck stop/Gas station,No additional details,,,Consumer electronics
2020-Q3,Thursday,8/13/20,,CA,", CA",USA,Detergent,,Pilferage,Truck stop/Gas station,No additional details,,,"Cleaning, Plastic, & Paper"
2020-Q3,Thursday,8/13/20,,VA,", VA",USA,Mixed cargo,,Pilferage,Truck stop/Gas station,No additional details,,,Mixed cargo
2020-Q3,Thursday,8/13/20,,MI,", MI",USA,Bottled water,,Cargo theft,Unspecified,No additional details,,,Food & Drinks
2020-Q3,Thursday,8/13/20,,VA,", VA",USA,Household goods,,Cargo theft,Unspecified,No additional details,,,Household & Appliances
2020-Q3,Thursday,8/14/20,El Paso,TX,"El Paso, TX",USA,Mixed goods,,Cargo theft,Truck stop/Gas station,Said he sold his trailor in Mexico,,Early AM,Mixed cargo
2020-Q3,Friday,8/14/20,,LA,", LA",USA,Seamless pipe,,Cargo theft,Unspecified,No additional details,,,Construction & Industrial goods
2020-Q3,Friday,8/14/20,,AL,", AL",USA,Toilet paper,,Pilferage,Truck stop/Gas station,No additional details,,,"Cleaning, Plastic, & Paper"
2020-Q3,Sunday,8/16/20,,FL,", FL",USA,Mixed cargo,,Pilferage,Truck stop/Gas station,No additional details,,,Mixed cargo
2020-Q3,Sunday,8/16/20,,MS,", MS",USA,Welding equipment,,Cargo theft,Unspecified,No additional details,,,Construction & Industrial goods
2020-Q3,Monday,8/17/20,,TX,", TX",USA,Mixed cargo,,Pilferage,Truck stop/Gas station,No additional details,,,Mixed cargo
2020-Q3,Monday,8/17/20,,VA,", VA",USA,Household goods,,Pilferage,Truck stop/Gas station,No additional details,,,Household & Appliances
2020-Q3,Tuesday,8/18/20,,CO,", CO",USA,Phone accessories,,Cargo theft,Origin/DC,Fictitious pickup,,,Merchandise
2020-Q3,Tuesday,8/18/20,,GA,", GA",USA,Sporting goods,,Pilferage,Truck stop/Gas station,No additional details,,,Merchandise
2020-Q3,Thursday,8/20/20,,IL,", IL",USA,Athletic wear,,Pilferage,Truck stop/Gas station,No additional details,,,Apparel
2020-Q3,Friday,8/21/20,Monee,IL,"Monee, IL",USA,Apparel,,Pilferage,Truck stop/Gas station,Breaking and Entering ,,Early AM,Apparel
2020-Q3,Friday,8/21/20,,NC,", NC",USA,Wood crates,,Cargo theft,Unspecified,No additional details,,,Construction & Industrial goods
2020-Q3,Saturday,8/22/20,,UT,", UT",USA,Computers/Laptops,,Pilferage,Truck stop/Gas station,No additional details,,,Consumer electronics
2020-Q3,Saturday,8/22/20,,TX,", TX",USA,Consumer electronics,,Cargo theft,Roadside,Hijacking,,,Consumer electronics
2020-Q3,Saturday,8/22/20,,FL,", FL",USA,Cosmetics,,Cargo theft,Unspecified,No additional details,,,Beauty & Personal Care
2020-Q3,Sunday,8/23/20,Dallas,TX,"Dallas, TX",USA,Consumer electronics,,Cargo theft,Truck stop/Gas station,Armed Robbery,,,Consumer electronics
2020-Q3,Sunday,8/23/20,Chicago,IL,"Chicago, IL",USA,Mixed goods,,Cargo theft,Secure yard,No additional details,,Early AM,Mixed cargo
2020-Q3,Sunday,8/23/20,,AL,", AL",USA,Detergent,,Pilferage,Truck stop/Gas station,No additional details,,,"Cleaning, Plastic, & Paper"
2020-Q3,Sunday,8/23/20,,NJ,", NJ",USA,Mixed cargo,,Cargo theft,Warehouse,No additional details,,,Mixed cargo
2020-Q3,Sunday,8/23/20,,FL,", FL",USA,Personal care,,Cargo theft,Unspecified,No additional details,,,Beauty & Personal Care
2020-Q3,Tuesday,8/25/20,,AL,", AL",USA,"OTC, Rx, Controlled substances",,Cargo theft,Roadside,Last-Mile Courier,,,Pharma & Medical supplies
2020-Q3,Tuesday,8/25/20,,GA,", GA",USA,Cigarettes,,Cargo theft,Roadside,Last-Mile Courier,,,Tobacco & Alcohol
2020-Q3,Tuesday,8/25/20,,TX,", TX",USA,Shingles,,Pilferage,Truck stop/Gas station,No additional details,,,Construction & Industrial goods
2020-Q3,Friday,8/28/20,,CA,", CA",USA,Art supplies,,Cargo theft,Unspecified,No additional details,,,Merchandise
2020-Q3,Friday,8/28/20,,FL,", FL",USA,Mixed cargo,,Pilferage,Truck stop/Gas station,No additional details,,,Mixed cargo
2020-Q3,Friday,8/28/20,,TX,", TX",USA,Vacuum cleaners,,Cargo theft,Unspecified,No additional details,,,Household & Appliances
2020-Q3,Sunday,8/30/20,Hutchins,TX,"Hutchins, TX",USA,Tires,47000,Cargo theft,Secure yard,423 Langton rd,,,Automobile & Parts
2020-Q3,Sunday,8/30/20,,TN,", TN",USA,Soft drinks,,Cargo theft,Unspecified,No additional details,,,Food & Drinks
2020-Q3,Sunday,8/30/20,,TX,", TX",USA,Tires,,Cargo theft,Unspecified,17 & 19 inch,,,Automobile & Parts
2020-Q3,Tuesday,9/1/20,,TX,", TX",USA,Tools,,Pilferage,Truck stop/Gas station,No additional details,,,Construction & Industrial goods
2020-Q3,Tuesday,9/1/20,,ON,", ON",CAN,Mixed cargo,,Pilferage,Truck stop/Gas station,No additional details,,,Mixed cargo
2020-Q3,Wednesday,9/2/20,,AB,", AB",CAN,Hot tubs,,Cargo theft,Origin/DC,Fictitious pickup,,,Household & Appliances